{"nodes": [100, 500, 1000, 2000, 5000], "dijkstra": [7.461899998872923e-05, 0.003528843000012216, 0.014687225000002968, 0.02497965499999566, 0.13624274999999386], "resonance": [0.0024599120000061703, 0.00012545399999908113, 0.00014152299999636853, 0.00018688799998756167, 0.0003345230000064703]}