{"nodes": [100, 500, 1000, 2000, 5000], "dijkstra": [0.00011039700000026187, 0.0028635970000010502, 0.017638943000008567, 0.0708528250000029, 0.08054606199999625], "resonance": [0.0013906679999990956, 0.0001269569999919895, 0.000136675000007358, 0.00018274100000326143, 0.000327400999992733]}